1,1,Sep 3 2015,10:00 PM,Thu,(22) Arizona,42,,Texas-San Antonio,32,,
2,1,Sep 3 2015,7:00 PM,Thu,Ball State,48,,Virginia Military Institute,36,,
3,1,Sep 3 2015,7:30 PM,Thu,Connecticut,20,,Villanova,15,,
4,1,Sep 3 2015,9:30 PM,Thu,Duke,37,@,Tulane,7,,
5,1,Sep 3 2015,6:00 PM,Thu,Florida International,15,@,Central Florida,14,,
6,1,Sep 3 2015,10:00 PM,Thu,Fresno State,34,,Abilene Christian,13,,
7,1,Sep 3 2015,7:30 PM,Thu,(16) Georgia Tech,69,,Alcorn State,6,,
8,1,Sep 3 2015,11:59 PM,Thu,Hawaii,28,,Colorado,20,,
9,1,Sep 3 2015,10:00 PM,Thu,Nevada,31,,California-Davis,17,,
10,1,Sep 3 2015,9:00 PM,Thu,Ohio,45,@,Idaho,28,,
11,1,Sep 3 2015,7:00 PM,Thu,Oklahoma State,24,@,Central Michigan,13,,
12,1,Sep 3 2015,10:00 PM,Thu,San Jose State,43,,New Hampshire,13,,
13,1,Sep 3 2015,6:00 PM,Thu,South Carolina,17,,North Carolina,13,,
14,1,Sep 3 2015,9:00 PM,Thu,(2) Texas Christian,23,@,Minnesota,17,,
15,1,Sep 3 2015,8:30 PM,Thu,Utah,24,,Michigan,17,,
16,1,Sep 3 2015,9:00 PM,Thu,Utah State,12,,Southern Utah,9,,
17,1,Sep 3 2015,7:00 PM,Thu,Wake Forest,41,,Elon,3,,
18,1,Sep 3 2015,8:00 PM,Thu,Western Kentucky,14,@,Vanderbilt,12,,
19,1,Sep 4 2015,7:00 PM,Fri,(4) Baylor,56,@,Southern Methodist,21,,
20,1,Sep 4 2015,10:15 PM,Fri,(23) Boise State,16,,Washington,13,,
21,1,Sep 4 2015,3:30 PM,Fri,Charlotte,23,@,Georgia State,20,,
22,1,Sep 4 2015,7:00 PM,Fri,Fordham,37,@,Army,35,,
23,1,Sep 4 2015,7:00 PM,Fri,(5) Michigan State,37,@,Western Michigan,24,,
24,1,Sep 4 2015,8:00 PM,Fri,Oregon State,26,,Weber State,7,,
25,1,Sep 4 2015,7:00 PM,Fri,Syracuse,47,,Rhode Island,0,,
26,1,Sep 5 2015,3:30 PM,Sat,Air Force,63,,Morgan State,7,,
27,1,Sep 5 2015,8:00 PM,Sat,(3) Alabama,35,,(20) Wisconsin,17,,
28,1,Sep 5 2015,3:30 PM,Sat,Appalachian State,49,,Howard,0,,
29,1,Sep 5 2015,3:30 PM,Sat,(18) Arkansas,48,,Texas-El Paso,13,,
30,1,Sep 5 2015,3:30 PM,Sat,(6) Auburn,31,,Louisville,24,,
31,1,Sep 5 2015,1:00 PM,Sat,Boston College,24,,Maine,3,,
32,1,Sep 5 2015,3:30 PM,Sat,Brigham Young,33,@,Nebraska,28,,
33,1,Sep 5 2015,3:30 PM,Sat,Buffalo,51,,Albany,14,,
34,1,Sep 5 2015,5:00 PM,Sat,California,73,,Grambling State,14,,
35,1,Sep 5 2015,7:00 PM,Sat,Cincinnati,52,,Alabama A&M,10,,
36,1,Sep 5 2015,12:30 PM,Sat,(12) Clemson,49,,Wofford,10,,
37,1,Sep 5 2015,4:00 PM,Sat,Colorado State,65,,Savannah State,13,,
38,1,Sep 5 2015,6:00 PM,Sat,East Carolina,28,,Towson,20,,
39,1,Sep 5 2015,7:30 PM,Sat,Florida,61,,New Mexico State,13,,
40,1,Sep 5 2015,8:00 PM,Sat,(10) Florida State,59,,Texas State,16,,
41,1,Sep 5 2015,12:00 PM,Sat,(9) Georgia,51,,Louisiana-Monroe,14,,
42,1,Sep 5 2015,8:00 PM,Sat,Houston,52,,Tennessee Tech,24,,
43,1,Sep 5 2015,2:00 PM,Sat,Illinois,52,,Kent State,3,,
44,1,Sep 5 2015,4:00 PM,Sat,Indiana,48,,Southern Illinois,47,,
45,1,Sep 5 2015,12:00 PM,Sat,Iowa,31,,Illinois State,14,,
46,1,Sep 5 2015,8:00 PM,Sat,Iowa State,31,,Northern Iowa,7,,
47,1,Sep 5 2015,7:10 PM,Sat,Kansas State,34,,South Dakota,0,,
48,1,Sep 5 2015,7:00 PM,Sat,Kentucky,40,,Louisiana-Lafayette,33,,
49,1,Sep 5 2015,7:00 PM,Sat,Louisiana Tech,62,,Southern,15,,
50,1,Sep 5 2015,12:00 PM,Sat,Maryland,50,,Richmond,21,,
51,1,Sep 5 2015,7:30 PM,Sat,McNeese State,,@,(14) Louisiana State,,,Cancelled due to weather
52,1,Sep 5 2015,7:00 PM,Sat,Memphis,63,,Missouri State,7,,
53,1,Sep 5 2015,6:00 PM,Sat,Miami (FL),45,,Bethune-Cookman,0,,
54,1,Sep 5 2015,3:30 PM,Sat,Miami (OH),26,,Presbyterian,7,,
55,1,Sep 5 2015,7:00 PM,Sat,Middle Tennessee State,70,,Jackson State,14,,
56,1,Sep 5 2015,12:00 PM,Sat,(17) Mississippi,76,,Tennessee-Martin,3,,
57,1,Sep 5 2015,10:00 PM,Sat,Mississippi State,34,@,Southern Mississippi,16,,
58,1,Sep 5 2015,4:00 PM,Sat,(24) Missouri,34,,Southeast Missouri State,3,,
59,1,Sep 5 2015,12:00 PM,Sat,Navy,48,,Colgate,10,,
60,1,Sep 5 2015,7:00 PM,Sat,New Mexico,66,,Mississippi Valley State,0,,
61,1,Sep 5 2015,6:00 PM,Sat,North Carolina State,49,,Troy,21,,
62,1,Sep 5 2015,4:00 PM,Sat,North Dakota,24,@,Wyoming,13,,
63,1,Sep 5 2015,7:30 PM,Sat,Northern Illinois,38,,Nevada-Las Vegas,30,,
64,1,Sep 5 2015,12:00 PM,Sat,Northwestern,16,,(21) Stanford,6,,
65,1,Sep 5 2015,7:30 PM,Sat,(11) Notre Dame,38,,Texas,3,,
66,1,Sep 5 2015,7:00 PM,Sat,(19) Oklahoma,41,,Akron,3,,
67,1,Sep 5 2015,3:30 PM,Sat,Old Dominion,38,@,Eastern Michigan,34,,
68,1,Sep 5 2015,8:00 PM,Sat,(7) Oregon,61,,Eastern Washington,42,,
69,1,Sep 5 2015,1:00 PM,Sat,Pittsburgh,45,,Youngstown State,37,,
70,1,Sep 5 2015,2:00 PM,Sat,Portland State,24,@,Washington State,17,,
71,1,Sep 5 2015,3:30 PM,Sat,Rice,56,,Wagner,16,,
72,1,Sep 5 2015,12:00 PM,Sat,Rutgers,63,,Norfolk State,13,,
73,1,Sep 5 2015,8:00 PM,Sat,San Diego State,37,,San Diego,3,,
74,1,Sep 5 2015,6:00 PM,Sat,South Alabama,33,,Gardner-Webb,23,,
75,1,Sep 5 2015,12:00 PM,Sat,South Dakota State,41,@,Kansas,38,,
76,1,Sep 5 2015,7:00 PM,Sat,South Florida,51,,Florida A&M,3,,
77,1,Sep 5 2015,11:00 PM,Sat,(8) Southern California,55,,Arkansas State,6,,
78,1,Sep 5 2015,3:30 PM,Sat,Temple,27,,Penn State,10,,
79,1,Sep 5 2015,4:00 PM,Sat,(25) Tennessee,59,,Bowling Green State,30,,
80,1,Sep 5 2015,7:00 PM,Sat,Texas A&M,38,,(15) Arizona State,17,,
81,1,Sep 5 2015,3:30 PM,Sat,Texas Tech,59,,Sam Houston State,45,,
82,1,Sep 5 2015,3:30 PM,Sat,Tulsa,47,,Florida Atlantic,44,,
83,1,Sep 5 2015,3:30 PM,Sat,(13) UCLA,34,,Virginia,16,,
84,1,Sep 5 2015,7:30 PM,Sat,West Virginia,44,,Georgia Southern,0,,
85,1,Sep 6 2015,3:00 PM,Sun,Marshall,41,,Purdue,31,,
86,1,Sep 7 2015,8:00 PM,Mon,(1) Ohio State,42,@,Virginia Tech,24,,
87,2,Sep 10 2015,8:00 PM,Thu,Western Kentucky,41,,Louisiana Tech,38,FOXS1,
88,2,Sep 11 2015,8:00 PM,Fri,Miami (FL),44,@,Florida Atlantic,20,FOXS1,
89,2,Sep 11 2015,9:00 PM,Fri,(24) Utah,24,,Utah State,14,ESPN2,
90,2,Sep 12 2015,10:15 PM,Sat,Air Force,37,,San Jose State,16,ESPNU,
91,2,Sep 12 2015,4:00 PM,Sat,(2) Alabama,37,,Middle Tennessee State,10,SECN,
92,2,Sep 12 2015,7:00 PM,Sat,(22) Arizona,44,@,Nevada,20,CBSSN,
93,2,Sep 12 2015,11:00 PM,Sat,Arizona State,35,,Cal Poly,21,PAC12,
94,2,Sep 12 2015,12:00 PM,Sat,(6) Auburn,27,,Jacksonville State,20,SECN,
95,2,Sep 12 2015,7:30 PM,Sat,(4) Baylor,66,,Lamar,31,FSN,
96,2,Sep 12 2015,1:00 PM,Sat,Boston College,76,,Howard,0,ESPN3,
97,2,Sep 12 2015,12:00 PM,Sat,Bowling Green State,48,@,Maryland,27,BTN,
98,2,Sep 12 2015,10:15 PM,Sat,Brigham Young,35,,(20) Boise State,24,ESPN2,
99,2,Sep 12 2015,5:00 PM,Sat,California,35,,San Diego State,7,PAC12,
100,2,Sep 12 2015,3:00 PM,Sat,Central Michigan,31,,Monmouth,10,ESPN3,
101,2,Sep 12 2015,12:00 PM,Sat,Charlotte,34,,Presbyterian,10,ESPN3,
102,2,Sep 12 2015,12:30 PM,Sat,(12) Clemson,41,,Appalachian State,10,ESPN3,
103,2,Sep 12 2015,2:00 PM,Sat,Colorado,48,,Massachusetts,14,PAC12,
104,2,Sep 12 2015,12:00 PM,Sat,Connecticut,22,,Army,17,CBSSN,
105,2,Sep 12 2015,6:00 PM,Sat,Duke,55,,North Carolina Central,0,ESPN3,
106,2,Sep 12 2015,4:00 PM,Sat,Eastern Michigan,48,@,Wyoming,29,,
107,2,Sep 12 2015,7:00 PM,Sat,Florida,31,,East Carolina,24,ESPN2,
108,2,Sep 12 2015,11:30 AM,Sat,(11) Florida State,34,,South Florida,14,ESPN,
109,2,Sep 12 2015,3:30 PM,Sat,(10) Georgia,31,@,Vanderbilt,14,CBS,
110,2,Sep 12 2015,6:00 PM,Sat,Georgia Southern,43,,Western Michigan,17,ESPN3,
111,2,Sep 12 2015,8:00 PM,Sat,Georgia State,34,@,New Mexico State,32,ESPN3,
112,2,Sep 12 2015,3:30 PM,Sat,(15) Georgia Tech,65,,Tulane,10,ESPN3,
113,2,Sep 12 2015,12:00 PM,Sat,Houston,34,@,Louisville,31,ESPN3,
114,2,Sep 12 2015,12:00 PM,Sat,Illinois,44,,Western Illinois,0,BTN,
115,2,Sep 12 2015,8:00 PM,Sat,Indiana,36,,Florida International,22,BTN,
116,2,Sep 12 2015,4:45 PM,Sat,Iowa,31,@,Iowa State,17,FOX,
117,2,Sep 12 2015,12:00 PM,Sat,Kansas State,30,@,Texas-San Antonio,3,FOXS1,
118,2,Sep 12 2015,6:00 PM,Sat,Kent State,45,,Delaware State,13,ESPN3,
119,2,Sep 12 2015,7:30 PM,Sat,Kentucky,26,@,South Carolina,22,SECN,
120,2,Sep 12 2015,9:15 PM,Sat,(14) Louisiana State,21,@,(25) Mississippi State,19,ESPN,
121,2,Sep 12 2015,7:00 PM,Sat,Louisiana-Lafayette,44,,Northwestern State,17,ESPN3,
122,2,Sep 12 2015,7:00 PM,Sat,Louisiana-Monroe,47,,Nicholls State,0,ESPN3,
123,2,Sep 12 2015,7:00 PM,Sat,Memphis,55,@,Kansas,23,ESPN3,
124,2,Sep 12 2015,12:00 PM,Sat,Michigan,35,,Oregon State,7,ABC,
125,2,Sep 12 2015,8:00 PM,Sat,(5) Michigan State,31,,(7) Oregon,28,ABC,
126,2,Sep 12 2015,3:30 PM,Sat,Minnesota,23,@,Colorado State,20,CBSSN,
127,2,Sep 12 2015,3:30 PM,Sat,(17) Mississippi,73,,Fresno State,21,ESPN2,
128,2,Sep 12 2015,7:00 PM,Sat,(21) Missouri,27,@,Arkansas State,20,ESPN3,
129,2,Sep 12 2015,8:00 PM,Sat,Nebraska,48,,South Alabama,9,BTN,
130,2,Sep 12 2015,6:00 PM,Sat,North Carolina,53,,North Carolina A&T,14,,
131,2,Sep 12 2015,6:00 PM,Sat,North Carolina State,35,,Eastern Kentucky,0,ESPN3,
132,2,Sep 12 2015,3:30 PM,Sat,Northern Illinois,57,,Murray State,26,ESPN3,
133,2,Sep 12 2015,4:00 PM,Sat,Northwestern,41,,Eastern Illinois,0,ESPNN,
134,2,Sep 12 2015,3:30 PM,Sat,(9) Notre Dame,34,@,Virginia,27,ABC,
135,2,Sep 12 2015,7:00 PM,Sat,Ohio,21,,Marshall,10,ESPN3,
136,2,Sep 12 2015,3:30 PM,Sat,(1) Ohio State,38,,Hawaii,0,BTN,
137,2,Sep 12 2015,6:00 PM,Sat,(19) Oklahoma,31,@,(23) Tennessee,24,ESPN,
138,2,Sep 12 2015,7:30 PM,Sat,Oklahoma State,32,,Central Arkansas,8,FSN,
139,2,Sep 12 2015,7:00 PM,Sat,Old Dominion,24,,Norfolk State,10,,
140,2,Sep 12 2015,12:00 PM,Sat,Penn State,27,,Buffalo,14,ESPN2,
141,2,Sep 12 2015,6:00 PM,Sat,Pittsburgh,24,@,Akron,7,ESPN3,
142,2,Sep 12 2015,12:00 PM,Sat,Purdue,38,,Indiana State,14,ESPNN,
143,2,Sep 12 2015,8:00 PM,Sat,(8) Southern California,59,,Idaho,9,PAC12,
144,2,Sep 12 2015,7:00 PM,Sat,Southern Methodist,31,,North Texas,13,ESPN3,
145,2,Sep 12 2015,3:30 PM,Sat,Southern Mississippi,52,,Austin Peay,6,,
146,2,Sep 12 2015,10:30 PM,Sat,Stanford,31,,Central Florida,7,FOXS1,
147,2,Sep 12 2015,12:30 PM,Sat,Syracuse,30,,Wake Forest,17,ESPN3,
148,2,Sep 12 2015,8:00 PM,Sat,Temple,34,@,Cincinnati,26,ESPNN,
149,2,Sep 12 2015,8:00 PM,Sat,Texas,42,,Rice,28,LHN,
150,2,Sep 12 2015,7:00 PM,Sat,(16) Texas A&M,56,,Ball State,23,ESPNU,
151,2,Sep 12 2015,3:30 PM,Sat,(3) Texas Christian,70,,Stephen F. Austin,7,FOXS1,
152,2,Sep 12 2015,7:00 PM,Sat,Texas State,63,,Prairie View A&M,24,ESPN3,
153,2,Sep 12 2015,3:00 PM,Sat,Texas Tech,69,,Texas-El Paso,20,FOX,
154,2,Sep 12 2015,4:00 PM,Sat,Toledo,16,,(18) Arkansas,12,SECN,
155,2,Sep 12 2015,7:00 PM,Sat,Troy,44,,Charleston Southern,16,ESPN3,
156,2,Sep 12 2015,8:00 PM,Sat,Tulsa,40,@,New Mexico,21,ESPN3,
157,2,Sep 12 2015,10:30 PM,Sat,(13) UCLA,37,@,Nevada-Las Vegas,3,CBSSN,
158,2,Sep 12 2015,3:30 PM,Sat,Virginia Tech,42,,Furman,3,ESPN3,
159,2,Sep 12 2015,2:00 PM,Sat,Washington,49,,Sacramento State,0,PAC12,
160,2,Sep 12 2015,3:30 PM,Sat,Washington State,37,@,Rutgers,34,ESPNU,
161,2,Sep 12 2015,3:00 PM,Sat,West Virginia,41,,Liberty,17,,
162,2,Sep 12 2015,12:00 PM,Sat,Wisconsin,58,,Miami (OH),0,ESPNU,
163,3,Sep 17 2015,7:30 PM,Thu,(11) Clemson,20,@,Louisville,17,ESPN,
164,3,Sep 18 2015,10:00 PM,Fri,Arizona State,34,,New Mexico,10,PAC12,
165,3,Sep 18 2015,9:00 PM,Fri,Boise State,52,,Idaho State,0,CBSSN,
166,3,Sep 18 2015,8:00 PM,Fri,(9) Florida State,14,@,Boston College,0,ESPN,
167,3,Sep 19 2015,12:00 PM,Sat,Akron,52,,Savannah State,9,ESPN3,
168,3,Sep 19 2015,11:00 PM,Sat,(20) Arizona,77,,Northern Arizona,13,PAC12,
169,3,Sep 19 2015,7:00 PM,Sat,Arkansas State,70,,Missouri State,7,ESPN3,
170,3,Sep 19 2015,3:00 PM,Sat,Ball State,28,@,Eastern Michigan,17,ESPN3,
171,3,Sep 19 2015,12:00 PM,Sat,Buffalo,33,@,Florida Atlantic,15,,
172,3,Sep 19 2015,7:30 PM,Sat,California,45,@,Texas,44,FOX,
173,3,Sep 19 2015,3:30 PM,Sat,Cincinnati,37,@,Miami (OH),33,ESPN3,
174,3,Sep 19 2015,7:00 PM,Sat,Colorado,27,,Colorado State,24,CBSSN,
175,3,Sep 19 2015,7:30 PM,Sat,Florida,14,@,Kentucky,9,SECN,
176,3,Sep 19 2015,6:00 PM,Sat,Florida International,39,,North Carolina Central,14,,
177,3,Sep 19 2015,6:00 PM,Sat,Furman,16,@,Central Florida,15,ESPN3,
178,3,Sep 19 2015,6:00 PM,Sat,(7) Georgia,52,,South Carolina,20,ESPN,
179,3,Sep 19 2015,6:00 PM,Sat,Georgia Southern,48,,Citadel,13,ESPN3,
180,3,Sep 19 2015,11:59 PM,Sat,Hawaii,47,,California-Davis,27,,
181,3,Sep 19 2015,5:00 PM,Sat,Idaho,41,,Wofford,38,ESPN3,
182,3,Sep 19 2015,4:00 PM,Sat,Indiana,38,,Western Kentucky,35,ESPNN,
183,3,Sep 19 2015,8:00 PM,Sat,Iowa,27,,Pittsburgh,24,BTN,
184,3,Sep 19 2015,3:00 PM,Sat,Kansas State,39,,Louisiana Tech,33,FSN,
185,3,Sep 19 2015,3:30 PM,Sat,(13) Louisiana State,45,,(18) Auburn,21,CBS,
186,3,Sep 19 2015,3:30 PM,Sat,Marshall,45,,Norfolk State,7,,
187,3,Sep 19 2015,12:00 PM,Sat,Maryland,35,,South Florida,17,ESPN2,
188,3,Sep 19 2015,3:00 PM,Sat,Memphis,44,@,Bowling Green State,41,ESPN3,
189,3,Sep 19 2015,3:30 PM,Sat,Miami (FL),36,,Nebraska,33,ABC,
190,3,Sep 19 2015,12:00 PM,Sat,Michigan,28,,Nevada-Las Vegas,7,,
191,3,Sep 19 2015,12:00 PM,Sat,(4) Michigan State,35,,Air Force,21,ABC,
192,3,Sep 19 2015,7:00 PM,Sat,Middle Tennessee State,73,,Charlotte,14,,
193,3,Sep 19 2015,12:00 PM,Sat,Minnesota,10,,Kent State,7,BTN,
194,3,Sep 19 2015,9:15 PM,Sat,(15) Mississippi,43,@,(2) Alabama,37,ESPN,
195,3,Sep 19 2015,4:00 PM,Sat,Mississippi State,62,,Northwestern State,13,SECN,
196,3,Sep 19 2015,12:00 PM,Sat,(22) Missouri,9,,Connecticut,6,ESPN,
197,3,Sep 19 2015,3:30 PM,Sat,Navy,45,,East Carolina,21,CBSSN,
198,3,Sep 19 2015,12:00 PM,Sat,North Carolina,48,,Illinois,14,ABC,
199,3,Sep 19 2015,7:00 PM,Sat,North Carolina State,38,@,Old Dominion,14,,
200,3,Sep 19 2015,12:30 PM,Sat,(23) Northwestern,19,@,Duke,10,ESPN3,
201,3,Sep 19 2015,3:30 PM,Sat,(8) Notre Dame,30,,(14) Georgia Tech,22,NBC,
202,3,Sep 19 2015,2:00 PM,Sat,Ohio,35,,Southeastern Louisiana,14,ESPN3,
203,3,Sep 19 2015,3:30 PM,Sat,(1) Ohio State,20,,Northern Illinois,13,ABC,
204,3,Sep 19 2015,12:00 PM,Sat,(16) Oklahoma,52,,Tulsa,38,FOXS1,
205,3,Sep 19 2015,3:30 PM,Sat,(25) Oklahoma State,69,,Texas-San Antonio,14,FOXS1,
206,3,Sep 19 2015,2:00 PM,Sat,(12) Oregon,61,,Georgia State,28,PAC12,
207,3,Sep 19 2015,8:00 PM,Sat,Oregon State,35,,San Jose State,21,PAC12,
208,3,Sep 19 2015,8:00 PM,Sat,Penn State,28,,Rutgers,3,BTN,
209,3,Sep 19 2015,2:30 PM,Sat,Rice,38,@,North Texas,24,,
210,3,Sep 19 2015,8:00 PM,Sat,South Alabama,34,@,San Diego State,27,,
211,3,Sep 19 2015,7:00 PM,Sat,Southern Mississippi,56,@,Texas State,50,ESPN3,
212,3,Sep 19 2015,8:00 PM,Sat,Stanford,41,@,(6) Southern California,31,ABC,
213,3,Sep 19 2015,12:30 PM,Sat,Syracuse,30,,Central Michigan,27,ESPN3,
214,3,Sep 19 2015,3:00 PM,Sat,Temple,25,@,Massachusetts,23,ESPN3,
215,3,Sep 19 2015,7:00 PM,Sat,Tennessee,55,,Western Carolina,10,ESPNU,
216,3,Sep 19 2015,12:00 PM,Sat,(17) Texas A&M,44,,Nevada,27,SECN,
217,3,Sep 19 2015,8:00 PM,Sat,(3) Texas Christian,56,,Southern Methodist,37,FSN,
218,3,Sep 19 2015,7:00 PM,Sat,Texas Tech,35,@,Arkansas,24,ESPN2,
219,3,Sep 19 2015,8:00 PM,Sat,Texas-El Paso,50,@,New Mexico State,47,ESPN3,
220,3,Sep 19 2015,8:00 PM,Sat,Toledo,30,,Iowa State,23,ESPNN,
221,3,Sep 19 2015,8:00 PM,Sat,Tulane,38,,Maine,7,ESPN3,
222,3,Sep 19 2015,10:30 PM,Sat,(10) UCLA,24,,(19) Brigham Young,23,FOXS1,
223,3,Sep 19 2015,10:30 PM,Sat,(21) Utah,45,@,Fresno State,24,CBSSN,
224,3,Sep 19 2015,4:00 PM,Sat,Vanderbilt,47,,Austin Peay,7,SECN,
225,3,Sep 19 2015,3:30 PM,Sat,Virginia,35,,William & Mary,29,ESPN3,
226,3,Sep 19 2015,3:30 PM,Sat,Virginia Tech,51,@,Purdue,24,ESPNU,
227,3,Sep 19 2015,12:00 PM,Sat,Wake Forest,17,@,Army,14,CBSSN,
228,3,Sep 19 2015,5:00 PM,Sat,Washington,31,,Utah State,17,PAC12,
229,3,Sep 19 2015,8:30 PM,Sat,Washington State,31,,Wyoming,14,PAC12,
230,3,Sep 19 2015,7:00 PM,Sat,Western Michigan,52,,Murray State,20,ESPN3,
231,3,Sep 19 2015,3:30 PM,Sat,(24) Wisconsin,28,,Troy,3,BTN,
232,4,Sep 24 2015,7:30 PM,Thu,Memphis,53,,Cincinnati,46,ESPN,
233,4,Sep 25 2015,8:00 PM,Fri,Boise State,56,@,Virginia,14,ESPN,
234,4,Sep 25 2015,10:00 PM,Fri,(21) Stanford,42,@,Oregon State,24,FOXS1,
235,4,Sep 26 2015,7:00 PM,Sat,Akron,35,@,Louisiana-Lafayette,14,,
236,4,Sep 26 2015,4:00 PM,Sat,(12) Alabama,34,,Louisiana-Monroe,0,,
237,4,Sep 26 2015,3:30 PM,Sat,Appalachian State,49,@,Old Dominion,0,,
238,4,Sep 26 2015,6:00 PM,Sat,Army,58,@,Eastern Michigan,36,,
239,4,Sep 26 2015,3:00 PM,Sat,(5) Baylor,70,,Rice,17,,
240,4,Sep 26 2015,1:00 PM,Sat,Boston College,17,,Northern Illinois,14,,
241,4,Sep 26 2015,12:00 PM,Sat,Bowling Green State,35,@,Purdue,28,,
242,4,Sep 26 2015,5:00 PM,Sat,California,30,@,Washington,24,,
243,4,Sep 26 2015,1:30 PM,Sat,Colorado,48,,Nicholls State,0,,
244,4,Sep 26 2015,7:00 PM,Sat,Colorado State,33,@,Texas-San Antonio,31,CBSSN,
245,4,Sep 26 2015,12:00 PM,Sat,Duke,34,,(20) Georgia Tech,20,,
246,4,Sep 26 2015,3:30 PM,Sat,East Carolina,35,,Virginia Tech,28,,
247,4,Sep 26 2015,3:30 PM,Sat,Florida,28,,Tennessee,27,,
248,4,Sep 26 2015,7:00 PM,Sat,Florida Atlantic,17,@,Charlotte,7,,
249,4,Sep 26 2015,12:00 PM,Sat,(7) Georgia,48,,Southern,6,,
250,4,Sep 26 2015,9:00 PM,Sat,Georgia Southern,44,@,Idaho,20,,
251,4,Sep 26 2015,8:00 PM,Sat,Houston,59,,Texas State,14,,
252,4,Sep 26 2015,4:00 PM,Sat,Illinois,27,,Middle Tennessee State,25,,
253,4,Sep 26 2015,12:30 PM,Sat,Indiana,31,@,Wake Forest,24,,
254,4,Sep 26 2015,3:30 PM,Sat,Iowa,62,,North Texas,16,,
255,4,Sep 26 2015,7:00 PM,Sat,James Madison,48,@,Southern Methodist,45,ESPN3,
256,4,Sep 26 2015,7:30 PM,Sat,Kentucky,21,,(25) Missouri,13,,
257,4,Sep 26 2015,12:00 PM,Sat,(8) Louisiana State,34,@,Syracuse,24,,
258,4,Sep 26 2015,2:30 PM,Sat,Louisiana Tech,27,,Florida International,17,,
259,4,Sep 26 2015,6:00 PM,Sat,Louisville,45,,Samford,3,,
260,4,Sep 26 2015,3:30 PM,Sat,Marshall,36,@,Kent State,29,,
261,4,Sep 26 2015,12:00 PM,Sat,Michigan,31,,(22) Brigham Young,0,,
262,4,Sep 26 2015,12:00 PM,Sat,(2) Michigan State,30,,Central Michigan,10,,
263,4,Sep 26 2015,3:30 PM,Sat,Minnesota,27,,Ohio,24,,
264,4,Sep 26 2015,7:00 PM,Sat,(3) Mississippi,27,,Vanderbilt,16,,
265,4,Sep 26 2015,7:30 PM,Sat,Mississippi State,17,@,Auburn,9,,
266,4,Sep 26 2015,12:00 PM,Sat,Navy,28,@,Connecticut,18,,
267,4,Sep 26 2015,12:00 PM,Sat,Nebraska,36,,Southern Mississippi,28,,
268,4,Sep 26 2015,3:30 PM,Sat,Nevada,24,@,Buffalo,21,,
269,4,Sep 26 2015,9:00 PM,Sat,Nevada-Las Vegas,80,,Idaho State,8,,
270,4,Sep 26 2015,3:00 PM,Sat,New Mexico,38,@,Wyoming,28,,
271,4,Sep 26 2015,12:30 PM,Sat,North Carolina,41,,Delaware,14,,
272,4,Sep 26 2015,8:00 PM,Sat,North Carolina State,63,@,South Alabama,13,,
273,4,Sep 26 2015,8:00 PM,Sat,(17) Northwestern,24,,Ball State,19,BTN,
274,4,Sep 26 2015,3:30 PM,Sat,(6) Notre Dame,62,,Massachusetts,27,NBC,
275,4,Sep 26 2015,3:30 PM,Sat,(1) Ohio State,38,,Western Michigan,12,,
276,4,Sep 26 2015,3:30 PM,Sat,(24) Oklahoma State,30,@,Texas,27,,
277,4,Sep 26 2015,3:30 PM,Sat,Penn State,37,,San Diego State,21,,
278,4,Sep 26 2015,12:00 PM,Sat,Rutgers,27,,Kansas,14,,
279,4,Sep 26 2015,10:30 PM,Sat,San Jose State,49,,Fresno State,23,CBSSN,
280,4,Sep 26 2015,12:00 PM,Sat,South Carolina,31,,Central Florida,14,,
281,4,Sep 26 2015,10:30 PM,Sat,(19) Southern California,42,@,Arizona State,14,,
282,4,Sep 26 2015,7:00 PM,Sat,(14) Texas A&M,28,,Arkansas,21,,
283,4,Sep 26 2015,4:45 PM,Sat,(3) Texas Christian,55,@,Texas Tech,52,,
284,4,Sep 26 2015,8:00 PM,Sat,Texas-El Paso,27,,Incarnate Word,17,,
285,4,Sep 26 2015,7:00 PM,Sat,Toledo,37,,Arkansas State,7,,
286,4,Sep 26 2015,8:00 PM,Sat,(9) UCLA,56,@,(16) Arizona,30,,
287,4,Sep 26 2015,8:30 PM,Sat,(18) Utah,62,@,(13) Oregon,20,,
288,4,Sep 26 2015,3:00 PM,Sat,West Virginia,45,,Maryland,6,,
289,4,Sep 26 2015,3:30 PM,Sat,Western Kentucky,56,,Miami (OH),14,CBSSN,
290,4,Sep 26 2015,8:00 PM,Sat,(22) Wisconsin,28,,Hawaii,0,BTN,
291,5,Oct 1 2015,7:30 PM,Thu,Cincinnati,34,,Miami (FL),23,ESPN,
292,5,Oct 2 2015,10:15 PM,Fri,Brigham Young,30,,Connecticut,13,ESPN2,
293,5,Oct 2 2015,7:00 PM,Fri,Memphis,24,@,South Florida,17,ESPN2,
294,5,Oct 2 2015,7:00 PM,Fri,Temple,37,@,Charlotte,3,CBSSN,
295,5,Oct 3 2015,3:30 PM,Sat,(13) Alabama,38,@,(8) Georgia,10,,
296,5,Oct 3 2015,3:30 PM,Sat,Appalachian State,31,,Wyoming,13,,
297,5,Oct 3 2015,7:30 PM,Sat,Arizona State,38,@,(7) UCLA,23,,
298,5,Oct 3 2015,7:00 PM,Sat,Arkansas,24,@,Tennessee,20,,
299,5,Oct 3 2015,7:00 PM,Sat,Arkansas State,49,,Idaho,35,,
300,5,Oct 3 2015,4:00 PM,Sat,Auburn,35,,San Jose State,21,,
301,5,Oct 3 2015,3:30 PM,Sat,(5) Baylor,63,,Texas Tech,35,,
302,5,Oct 3 2015,10:15 PM,Sat,Boise State,55,,Hawaii,0,,
303,5,Oct 3 2015,3:30 PM,Sat,Bowling Green State,28,@,Buffalo,22,,
304,5,Oct 3 2015,4:00 PM,Sat,(24) California,34,,Washington State,28,,
305,5,Oct 3 2015,3:00 PM,Sat,Central Michigan,29,,Northern Illinois,19,,
306,5,Oct 3 2015,8:00 PM,Sat,(12) Clemson,24,,(6) Notre Dame,22,,
307,5,Oct 3 2015,3:30 PM,Sat,Duke,9,,Boston College,7,,
308,5,Oct 3 2015,4:00 PM,Sat,East Carolina,49,@,Southern Methodist,23,,
309,5,Oct 3 2015,7:00 PM,Sat,(25) Florida,38,,(3) Mississippi,10,,
310,5,Oct 3 2015,3:30 PM,Sat,(11) Florida State,24,@,Wake Forest,16,,
311,5,Oct 3 2015,7:00 PM,Sat,Georgia Southern,51,@,Louisiana-Monroe,31,,
312,5,Oct 3 2015,12:00 PM,Sat,Houston,38,@,Tulsa,24,,
313,5,Oct 3 2015,4:00 PM,Sat,Illinois,14,,Nebraska,13,,
314,5,Oct 3 2015,12:00 PM,Sat,Iowa,10,@,(19) Wisconsin,6,,
315,5,Oct 3 2015,12:00 PM,Sat,Iowa State,38,,Kansas,13,,
316,5,Oct 3 2015,3:30 PM,Sat,Kent State,20,,Miami (OH),14,,
317,5,Oct 3 2015,7:30 PM,Sat,Kentucky,34,,Eastern Kentucky,27,,
318,5,Oct 3 2015,3:30 PM,Sat,Liberty,41,@,Georgia State,33,,
319,5,Oct 3 2015,7:00 PM,Sat,(9) Louisiana State,44,,Eastern Michigan,22,,
320,5,Oct 3 2015,7:00 PM,Sat,Louisiana Tech,43,,Louisiana-Lafayette,14,,
321,5,Oct 3 2015,12:30 PM,Sat,Louisville,20,@,North Carolina State,13,,
322,5,Oct 3 2015,3:30 PM,Sat,Marshall,27,,Old Dominion,7,,
323,5,Oct 3 2015,3:00 PM,Sat,Massachusetts,24,,Florida International,14,,
324,5,Oct 3 2015,12:00 PM,Sat,(22) Michigan,28,@,Maryland,0,BTN,
325,5,Oct 3 2015,12:00 PM,Sat,(2) Michigan State,24,,Purdue,21,,
326,5,Oct 3 2015,12:00 PM,Sat,Missouri,24,,South Carolina,10,,
327,5,Oct 3 2015,3:30 PM,Sat,Navy,33,,Air Force,11,CBSSN,
328,5,Oct 3 2015,7:00 PM,Sat,Nevada-Las Vegas,23,@,Nevada,17,,
329,5,Oct 3 2015,8:00 PM,Sat,New Mexico,38,,New Mexico State,29,,
330,5,Oct 3 2015,3:30 PM,Sat,North Carolina,38,@,Georgia Tech,31,,
331,5,Oct 3 2015,12:00 PM,Sat,(16) Northwestern,27,,Minnesota,0,,
332,5,Oct 3 2015,2:00 PM,Sat,Ohio,14,@,Akron,12,,
333,5,Oct 3 2015,3:30 PM,Sat,(1) Ohio State,34,@,Indiana,27,,
334,5,Oct 3 2015,12:00 PM,Sat,(15) Oklahoma,44,,(23) West Virginia,24,,
335,5,Oct 3 2015,4:00 PM,Sat,(20) Oklahoma State,36,,Kansas State,34,,
336,5,Oct 3 2015,10:00 PM,Sat,Oregon,41,@,Colorado,24,,
337,5,Oct 3 2015,12:00 PM,Sat,Penn State,20,,Army,14,,
338,5,Oct 3 2015,12:00 PM,Sat,Pittsburgh,17,@,Virginia Tech,13,,
339,5,Oct 3 2015,10:30 PM,Sat,San Diego State,21,,Fresno State,7,CBSSN,
340,5,Oct 3 2015,7:00 PM,Sat,South Alabama,24,@,Troy,18,,
341,5,Oct 3 2015,7:00 PM,Sat,Southern Mississippi,49,,North Texas,14,,
342,5,Oct 3 2015,10:30 PM,Sat,(18) Stanford,55,,Arizona,17,,
343,5,Oct 3 2015,7:30 PM,Sat,(14) Texas A&M,30,,(21) Mississippi State,17,,
344,5,Oct 3 2015,12:00 PM,Sat,(4) Texas Christian,50,,Texas,7,,
345,5,Oct 3 2015,8:00 PM,Sat,Texas-San Antonio,25,@,Texas-El Paso,6,,
346,5,Oct 3 2015,3:00 PM,Sat,Toledo,24,@,Ball State,10,,
347,5,Oct 3 2015,12:00 PM,Sat,Tulane,45,,Central Florida,31,,
348,5,Oct 3 2015,7:00 PM,Sat,Utah State,33,,Colorado State,18,,
349,5,Oct 3 2015,7:00 PM,Sat,Vanderbilt,17,@,Middle Tennessee State,13,CBSSN,
350,5,Oct 3 2015,3:30 PM,Sat,Western Kentucky,49,@,Rice,10,,
351,6,Oct 8 2015,8:00 PM,Thu,Houston,49,,Southern Methodist,28,ESPN2,
352,6,Oct 8 2015,9:00 PM,Thu,Washington,17,@,(17) Southern California,12,ESPN,
353,6,Oct 9 2015,7:00 PM,Fri,Marshall,31,,Southern Mississippi,10,CBSSN,
354,6,Oct 9 2015,8:00 PM,Fri,Virginia Tech,28,,North Carolina State,13,ESPN,
355,6,Oct 10 2015,10:15 PM,Sat,Air Force,31,,Wyoming,17,,
356,6,Oct 10 2015,3:00 PM,Sat,Akron,47,@,Eastern Michigan,21,,
357,6,Oct 10 2015,7:00 PM,Sat,(8) Alabama,27,,Arkansas,14,,
358,6,Oct 10 2015,3:30 PM,Sat,Appalachian State,37,@,Georgia State,3,,
359,6,Oct 10 2015,4:00 PM,Sat,Arizona,44,,Oregon State,7,,
360,6,Oct 10 2015,10:00 PM,Sat,Arizona State,48,,Colorado,23,,
361,6,Oct 10 2015,12:00 PM,Sat,(3) Baylor,66,@,Kansas,7,,
362,6,Oct 10 2015,7:00 PM,Sat,(25) Boise State,41,@,Colorado State,10,CBSSN,
363,6,Oct 10 2015,2:00 PM,Sat,Bowling Green State,62,,Massachusetts,38,,
364,6,Oct 10 2015,7:30 PM,Sat,Brigham Young,45,,East Carolina,38,,
365,6,Oct 10 2015,3:30 PM,Sat,(6) Clemson,43,,Georgia Tech,24,,
366,6,Oct 10 2015,3:45 PM,Sat,Connecticut,40,@,Central Florida,13,,
367,6,Oct 10 2015,12:00 PM,Sat,Duke,44,@,Army,3,CBSSN,
368,6,Oct 10 2015,7:30 PM,Sat,(11) Florida,21,@,Missouri,3,,
369,6,Oct 10 2015,12:00 PM,Sat,Florida International,52,,Texas-El Paso,12,,
370,6,Oct 10 2015,8:00 PM,Sat,(12) Florida State,29,,Miami (FL),24,,
371,6,Oct 10 2015,12:00 PM,Sat,(22) Iowa,29,,Illinois,20,,
372,6,Oct 10 2015,3:30 PM,Sat,(7) Louisiana State,45,@,South Carolina,24,,At Baton Rouge LA due to flooding
373,6,Oct 10 2015,7:00 PM,Sat,Louisiana Tech,34,@,Texas-San Antonio,31,,
374,6,Oct 10 2015,7:00 PM,Sat,Louisiana-Lafayette,49,,Texas State,27,,
375,6,Oct 10 2015,3:30 PM,Sat,(18) Michigan,38,,(13) Northwestern,0,,
376,6,Oct 10 2015,8:00 PM,Sat,(4) Michigan State,31,@,Rutgers,24,BTN,
377,6,Oct 10 2015,3:30 PM,Sat,Minnesota,41,@,Purdue,13,,
378,6,Oct 10 2015,12:00 PM,Sat,(14) Mississippi,52,,New Mexico State,3,,
379,6,Oct 10 2015,4:00 PM,Sat,Mississippi State,45,,Troy,17,,
380,6,Oct 10 2015,7:00 PM,Sat,Nevada,35,,New Mexico,17,,
381,6,Oct 10 2015,3:30 PM,Sat,Northern Illinois,59,,Ball State,41,,
382,6,Oct 10 2015,3:30 PM,Sat,(15) Notre Dame,41,,Navy,24,NBC,
383,6,Oct 10 2015,2:00 PM,Sat,Ohio,34,,Miami (OH),3,,
384,6,Oct 10 2015,12:00 PM,Sat,(1) Ohio State,49,,Maryland,28,,
385,6,Oct 10 2015,7:00 PM,Sat,(21) Oklahoma State,33,@,West Virginia,26,,
386,6,Oct 10 2015,12:00 PM,Sat,Penn State,29,,Indiana,7,,
387,6,Oct 10 2015,12:30 PM,Sat,Pittsburgh,26,,Virginia,19,,
388,6,Oct 10 2015,5:00 PM,Sat,Portland State,66,@,North Texas,7,,
389,6,Oct 10 2015,2:30 PM,Sat,Rice,27,@,Florida Atlantic,26,,
390,6,Oct 10 2015,11:59 PM,Sat,San Diego State,28,@,Hawaii,14,,
391,6,Oct 10 2015,9:00 PM,Sat,San Jose State,33,@,Nevada-Las Vegas,27,,
392,6,Oct 10 2015,3:30 PM,Sat,South Florida,45,,Syracuse,24,,
393,6,Oct 10 2015,12:00 PM,Sat,Temple,49,,Tulane,10,,
394,6,Oct 10 2015,3:30 PM,Sat,Tennessee,38,,(19) Georgia,31,,
395,6,Oct 10 2015,12:00 PM,Sat,Texas,24,,(10) Oklahoma,17,,
396,6,Oct 10 2015,7:30 PM,Sat,(2) Texas Christian,52,@,Kansas State,45,,
397,6,Oct 10 2015,3:30 PM,Sat,Texas Tech,66,,Iowa State,31,,
398,6,Oct 10 2015,3:00 PM,Sat,(24) Toledo,38,,Kent State,7,,
399,6,Oct 10 2015,6:00 PM,Sat,Tulsa,34,,Louisiana-Monroe,24,,
400,6,Oct 10 2015,10:00 PM,Sat,(5) Utah,30,,(23) California,24,,
401,6,Oct 10 2015,10:30 PM,Sat,Utah State,56,@,Fresno State,14,CBSSN,
402,6,Oct 10 2015,3:00 PM,Sat,Wake Forest,3,@,Boston College,0,,
403,6,Oct 10 2015,6:00 PM,Sat,Washington State,45,@,Oregon,38,,
404,6,Oct 10 2015,12:00 PM,Sat,Western Kentucky,58,,Middle Tennessee State,28,,
405,6,Oct 10 2015,12:00 PM,Sat,Western Michigan,41,,Central Michigan,39,,
406,6,Oct 10 2015,3:30 PM,Sat,Wisconsin,23,@,Nebraska,21,,
407,7,Oct 13 2015,8:00 PM,Tue,Arkansas State,49,@,South Alabama,31,ESPN2,
408,7,Oct 15 2015,7:00 PM,Thu,Auburn,30,@,Kentucky,27,ESPN,
409,7,Oct 15 2015,10:30 PM,Thu,(15) Stanford,56,,(18) UCLA,35,ESPN,
410,7,Oct 15 2015,7:30 PM,Thu,Western Kentucky,55,@,North Texas,28,CBSSN,
411,7,Oct 16 2015,8:00 PM,Fri,Brigham Young,38,,Cincinnati,24,ESPN,
412,7,Oct 16 2015,10:30 PM,Fri,Fresno State,31,,Nevada-Las Vegas,28,ESPN2,
413,7,Oct 16 2015,9:00 PM,Fri,(24) Houston,42,@,Tulane,7,ESPNU,
414,7,Oct 16 2015,9:00 PM,Fri,Utah State,52,,(21) Boise State,26,CBSSN,
415,7,Oct 17 2015,3:30 PM,Sat,(10) Alabama,41,@,(9) Texas A&M,23,,
416,7,Oct 17 2015,7:00 PM,Sat,Appalachian State,59,@,Louisiana-Monroe,14,,
417,7,Oct 17 2015,9:00 PM,Sat,Arizona,38,@,Colorado,31,,
418,7,Oct 17 2015,12:00 PM,Sat,Army,21,,Bucknell,14,CBSSN,
419,7,Oct 17 2015,12:00 PM,Sat,(2) Baylor,62,,West Virginia,38,,
420,7,Oct 17 2015,3:00 PM,Sat,Bowling Green State,59,,Akron,10,,
421,7,Oct 17 2015,1:00 PM,Sat,Central Michigan,51,,Buffalo,14,,
422,7,Oct 17 2015,7:00 PM,Sat,(5) Clemson,34,,Boston College,17,,
423,7,Oct 17 2015,3:30 PM,Sat,Colorado State,38,,Air Force,23,CBSSN,
424,7,Oct 17 2015,12:00 PM,Sat,East Carolina,30,,Tulsa,17,,
425,7,Oct 17 2015,12:00 PM,Sat,(11) Florida State,41,,Louisville,21,,
426,7,Oct 17 2015,7:30 PM,Sat,Georgia,9,,Missouri,6,,
427,7,Oct 17 2015,6:00 PM,Sat,Georgia Southern,56,,New Mexico State,26,,
428,7,Oct 17 2015,3:00 PM,Sat,Georgia State,31,@,Ball State,19,,
429,7,Oct 17 2015,3:30 PM,Sat,Idaho,19,@,Troy,16,,
430,7,Oct 17 2015,12:00 PM,Sat,(17) Iowa,40,@,(20) Northwestern,10,,
431,7,Oct 17 2015,3:30 PM,Sat,Kent State,15,@,Massachusetts,10,,
432,7,Oct 17 2015,7:00 PM,Sat,(6) Louisiana State,35,,(8) Florida,28,,
433,7,Oct 17 2015,12:00 PM,Sat,Marshall,33,@,Florida Atlantic,17,,
434,7,Oct 17 2015,12:00 PM,Sat,Memphis,37,,(13) Mississippi,24,,
435,7,Oct 17 2015,3:30 PM,Sat,Miami (FL),30,,Virginia Tech,20,,
436,7,Oct 17 2015,3:30 PM,Sat,(7) Michigan State,27,@,(12) Michigan,23,,
437,7,Oct 17 2015,12:00 PM,Sat,Middle Tennessee State,42,,Florida International,34,,
438,7,Oct 17 2015,12:00 PM,Sat,Mississippi State,45,,Louisiana Tech,20,,
439,7,Oct 17 2015,3:30 PM,Sat,Nebraska,48,@,Minnesota,25,,
440,7,Oct 17 2015,7:00 PM,Sat,New Mexico,28,,Hawaii,27,,
441,7,Oct 17 2015,7:00 PM,Sat,North Carolina,50,,Wake Forest,14,,
442,7,Oct 17 2015,2:30 PM,Sat,Northern Illinois,45,@,Miami (OH),12,,
443,7,Oct 17 2015,7:30 PM,Sat,(14) Notre Dame,41,,Southern California,31,NBC,
444,7,Oct 17 2015,8:00 PM,Sat,(1) Ohio State,38,,Penn State,10,ABC,
445,7,Oct 17 2015,3:30 PM,Sat,(19) Oklahoma,55,@,Kansas State,0,,
446,7,Oct 17 2015,3:30 PM,Sat,Old Dominion,37,,Charlotte,34,,
447,7,Oct 17 2015,10:30 PM,Sat,Oregon,26,@,Washington,20,,
448,7,Oct 17 2015,12:30 PM,Sat,Pittsburgh,31,@,Georgia Tech,28,,
449,7,Oct 17 2015,3:30 PM,Sat,Rutgers,55,@,Indiana,52,,
450,7,Oct 17 2015,10:30 PM,Sat,San Diego State,30,@,San Jose State,7,,
451,7,Oct 17 2015,4:00 PM,Sat,South Carolina,19,,Vanderbilt,10,,
452,7,Oct 17 2015,12:00 PM,Sat,South Florida,28,@,Connecticut,20,,
453,7,Oct 17 2015,7:00 PM,Sat,Southern Mississippi,32,,Texas-San Antonio,10,,
454,7,Oct 17 2015,7:30 PM,Sat,Temple,30,,Central Florida,16,,
455,7,Oct 17 2015,7:00 PM,Sat,(3) Texas Christian,45,@,Iowa State,21,,
456,7,Oct 17 2015,12:00 PM,Sat,Texas Tech,30,@,Kansas,20,,
457,7,Oct 17 2015,12:00 PM,Sat,(22) Toledo,63,,Eastern Michigan,20,,
458,7,Oct 17 2015,10:00 PM,Sat,(4) Utah,34,,Arizona State,18,,
459,7,Oct 17 2015,3:30 PM,Sat,Virginia,44,,Syracuse,38,,
460,7,Oct 17 2015,4:00 PM,Sat,Washington State,52,,Oregon State,31,,
461,7,Oct 17 2015,12:00 PM,Sat,Western Michigan,49,@,Ohio,14,,
462,7,Oct 17 2015,12:00 PM,Sat,Wisconsin,24,,Purdue,7,,
463,7,Oct 17 2015,4:00 PM,Sat,Wyoming,28,,Nevada,21,,
464,8,Oct 20 2015,8:00 PM,Tue,Arkansas State,37,,Louisiana-Lafayette,27,ESPN2,
465,8,Oct 22 2015,7:30 PM,Thu,Appalachian State,31,,Georgia Southern,13,ESPNU,
466,8,Oct 22 2015,7:00 PM,Thu,(22) Temple,24,@,East Carolina,14,ESPN2,
467,8,Oct 22 2015,9:00 PM,Thu,UCLA,40,,(20) California,24,ESPN,
468,8,Oct 23 2015,8:00 PM,Fri,(18) Memphis,66,@,Tulsa,42,ESPN,
469,8,Oct 23 2015,10:30 PM,Fri,San Diego State,48,,Utah State,14,ESPN2,
470,8,Oct 24 2015,2:00 PM,Sat,Air Force,42,,Fresno State,14,,
471,8,Oct 24 2015,3:30 PM,Sat,(8) Alabama,19,,Tennessee,14,,
472,8,Oct 24 2015,12:00 PM,Sat,Arkansas,54,,Auburn,46,,
473,8,Oct 24 2015,12:00 PM,Sat,(2) Baylor,45,,Iowa State,27,,
474,8,Oct 24 2015,10:15 PM,Sat,Boise State,34,,Wyoming,14,,
475,8,Oct 24 2015,1:00 PM,Sat,Bowling Green State,48,@,Kent State,0,,
476,8,Oct 24 2015,3:00 PM,Sat,Brigham Young,70,,Wagner,6,,
477,8,Oct 24 2015,3:30 PM,Sat,Buffalo,41,,Ohio,17,,
478,8,Oct 24 2015,3:00 PM,Sat,Central Michigan,23,@,Ball State,21,,
479,8,Oct 24 2015,4:30 PM,Sat,Cincinnati,37,,Connecticut,13,,
480,8,Oct 24 2015,12:00 PM,Sat,(6) Clemson,58,@,Miami (FL),0,,
481,8,Oct 24 2015,10:30 PM,Sat,Colorado,17,@,Oregon State,13,,
482,8,Oct 24 2015,3:30 PM,Sat,(23) Duke,45,@,Virginia Tech,43,,
483,8,Oct 24 2015,6:00 PM,Sat,Florida International,41,,Old Dominion,12,,
484,8,Oct 24 2015,7:00 PM,Sat,Georgia Tech,22,,(9) Florida State,16,,
485,8,Oct 24 2015,12:00 PM,Sat,(21) Houston,59,@,Central Florida,10,,
486,8,Oct 24 2015,5:00 PM,Sat,Idaho,27,,Louisiana-Monroe,13,,
487,8,Oct 24 2015,7:00 PM,Sat,(5) Louisiana State,48,,Western Kentucky,20,,
488,8,Oct 24 2015,3:30 PM,Sat,Louisiana Tech,45,,Middle Tennessee State,16,,
489,8,Oct 24 2015,12:30 PM,Sat,Louisville,17,,Boston College,14,,
490,8,Oct 24 2015,3:30 PM,Sat,Marshall,30,,North Texas,13,,
491,8,Oct 24 2015,3:30 PM,Sat,(7) Michigan State,52,,Indiana,26,,
492,8,Oct 24 2015,7:00 PM,Sat,(24) Mississippi,23,,(15) Texas A&M,3,,
493,8,Oct 24 2015,7:30 PM,Sat,Mississippi State,42,,Kentucky,16,,
494,8,Oct 24 2015,1:00 PM,Sat,Navy,31,,Tulane,14,CBSSN,
495,8,Oct 24 2015,4:00 PM,Sat,Nevada,30,,Hawaii,20,,
496,8,Oct 24 2015,3:30 PM,Sat,North Carolina,26,,Virginia,13,,
497,8,Oct 24 2015,12:00 PM,Sat,North Carolina State,35,@,Wake Forest,17,,
498,8,Oct 24 2015,3:30 PM,Sat,Northern Illinois,49,,Eastern Michigan,21,,
499,8,Oct 24 2015,12:00 PM,Sat,Northwestern,30,@,Nebraska,28,,
500,8,Oct 24 2015,8:00 PM,Sat,(1) Ohio State,49,@,Rutgers,7,ABC,
501,8,Oct 24 2015,3:30 PM,Sat,(17) Oklahoma,63,,Texas Tech,27,,
502,8,Oct 24 2015,3:30 PM,Sat,(14) Oklahoma State,58,,Kansas,10,,
503,8,Oct 24 2015,3:30 PM,Sat,Penn State,31,,Maryland,30,,
504,8,Oct 24 2015,12:00 PM,Sat,(25) Pittsburgh,23,@,Syracuse,20,,
505,8,Oct 24 2015,12:00 PM,Sat,Rice,38,,Army,31,,
506,8,Oct 24 2015,7:00 PM,Sat,San Jose State,31,,New Mexico,21,,
507,8,Oct 24 2015,4:00 PM,Sat,South Florida,38,,Southern Methodist,14,,
508,8,Oct 24 2015,7:30 PM,Sat,Southern California,42,,(3) Utah,24,,
509,8,Oct 24 2015,12:00 PM,Sat,Southern Mississippi,44,@,Charlotte,10,,
510,8,Oct 24 2015,10:30 PM,Sat,(10) Stanford,31,,Washington,14,,
511,8,Oct 24 2015,12:00 PM,Sat,Texas,23,,Kansas State,9,,
512,8,Oct 24 2015,7:00 PM,Sat,Texas State,36,,South Alabama,18,,
513,8,Oct 24 2015,7:00 PM,Sat,Texas-El Paso,27,,Florida Atlantic,17,,
514,8,Oct 24 2015,3:00 PM,Sat,(19) Toledo,51,@,Massachusetts,35,,
515,8,Oct 24 2015,8:00 PM,Sat,Troy,52,@,New Mexico State,7,,
516,8,Oct 24 2015,4:00 PM,Sat,Vanderbilt,10,,Missouri,3,,
517,8,Oct 24 2015,4:00 PM,Sat,Washington State,45,@,Arizona,42,,
518,8,Oct 24 2015,2:00 PM,Sat,Western Michigan,35,,Miami (OH),13,,
519,8,Oct 24 2015,3:30 PM,Sat,Wisconsin,24,@,Illinois,13,,
520,9,Oct 29 2015,7:30 PM,Thu,Buffalo,29,@,Miami (OH),24,,
521,9,Oct 29 2015,7:30 PM,Thu,Georgia Southern,37,,Texas State,13,ESPNU,
522,9,Oct 29 2015,7:00 PM,Thu,North Carolina,26,@,(23) Pittsburgh,19,ESPN,
523,9,Oct 29 2015,10:30 PM,Thu,Oregon,61,@,Arizona State,55,ESPN,
524,9,Oct 29 2015,7:30 PM,Thu,(5) Texas Christian,40,,West Virginia,10,FOXS1,
525,9,Oct 29 2015,7:30 PM,Thu,Western Michigan,58,@,Eastern Michigan,28,,
526,9,Oct 30 2015,7:00 PM,Fri,Connecticut,31,,East Carolina,13,ESPNU,
527,9,Oct 30 2015,8:00 PM,Fri,Louisiana Tech,42,@,Rice,17,FOXS1,
528,9,Oct 30 2015,7:02 PM,Fri,Louisville,20,@,Wake Forest,19,ESPN2,
529,9,Oct 30 2015,10:15 PM,Fri,Utah State,58,,Wyoming,27,ESPN2,
530,9,Oct 31 2015,10:30 PM,Sat,Air Force,58,@,Hawaii,7,CBSSN,
531,9,Oct 31 2015,3:30 PM,Sat,Appalachian State,44,,Troy,41,,
532,9,Oct 31 2015,4:00 PM,Sat,Arkansas,63,,Tennessee-Martin,28,,
533,9,Oct 31 2015,7:00 PM,Sat,Arkansas State,48,,Georgia State,34,,
534,9,Oct 31 2015,1:00 PM,Sat,Ball State,20,,Massachusetts,10,,
535,9,Oct 31 2015,3:30 PM,Sat,Boise State,55,@,Nevada-Las Vegas,27,,
536,9,Oct 31 2015,2:00 PM,Sat,Central Michigan,14,@,Akron,6,,
537,9,Oct 31 2015,12:00 PM,Sat,Cincinnati,52,,Central Florida,7,,
538,9,Oct 31 2015,3:30 PM,Sat,(3) Clemson,56,@,North Carolina State,41,,
539,9,Oct 31 2015,3:30 PM,Sat,(11) Florida,27,,Georgia,3,CBS,
540,9,Oct 31 2015,3:30 PM,Sat,Florida Atlantic,31,,Florida International,17,,
541,9,Oct 31 2015,12:00 PM,Sat,(17) Florida State,45,,Syracuse,21,,
542,9,Oct 31 2015,7:00 PM,Sat,(18) Houston,34,,Vanderbilt,0,,
543,9,Oct 31 2015,3:30 PM,Sat,(10) Iowa,31,,Maryland,15,,
544,9,Oct 31 2015,7:00 PM,Sat,Iowa State,24,,Texas,0,,
545,9,Oct 31 2015,5:00 PM,Sat,Louisiana-Lafayette,30,,Louisiana-Monroe,24,,
546,9,Oct 31 2015,3:30 PM,Sat,Marshall,34,@,Charlotte,10,,
547,9,Oct 31 2015,7:00 PM,Sat,(16) Memphis,41,,Tulane,13,,
548,9,Oct 31 2015,7:00 PM,Sat,Miami (FL),30,@,(22) Duke,27,,
549,9,Oct 31 2015,7:00 PM,Sat,(15) Michigan,29,@,Minnesota,26,ABC,
550,9,Oct 31 2015,12:00 PM,Sat,(19) Mississippi,27,@,Auburn,19,,
551,9,Oct 31 2015,12:00 PM,Sat,Navy,29,,South Florida,17,CBSSN,
552,9,Oct 31 2015,8:00 PM,Sat,New Mexico State,55,,Idaho,48,,
553,9,Oct 31 2015,7:00 PM,Sat,North Texas,30,,Texas-San Antonio,23,,
554,9,Oct 31 2015,8:00 PM,Sat,(9) Notre Dame,24,@,(21) Temple,20,,
555,9,Oct 31 2015,3:30 PM,Sat,(14) Oklahoma,62,@,Kansas,7,,
556,9,Oct 31 2015,3:30 PM,Sat,(12) Oklahoma State,70,@,Texas Tech,53,,
557,9,Oct 31 2015,12:00 PM,Sat,Penn State,39,,Illinois,0,,
558,9,Oct 31 2015,12:00 PM,Sat,Purdue,55,,Nebraska,45,,
559,9,Oct 31 2015,3:30 PM,Sat,San Diego State,41,@,Colorado State,17,CBSSN,
560,9,Oct 31 2015,3:00 PM,Sat,Southern California,27,@,California,21,,
561,9,Oct 31 2015,2:30 PM,Sat,Southern Mississippi,34,,Texas-El Paso,13,,
562,9,Oct 31 2015,10:30 PM,Sat,(8) Stanford,30,@,Washington State,28,,
563,9,Oct 31 2015,7:30 PM,Sat,Tennessee,52,@,Kentucky,21,,
564,9,Oct 31 2015,12:00 PM,Sat,Texas A&M,35,,South Carolina,28,,
565,9,Oct 31 2015,4:00 PM,Sat,Tulsa,40,@,Southern Methodist,31,,
566,9,Oct 31 2015,3:00 PM,Sat,(24) UCLA,35,,Colorado,31,,
567,9,Oct 31 2015,7:00 PM,Sat,(13) Utah,27,,Oregon State,12,,
568,9,Oct 31 2015,3:00 PM,Sat,Virginia,27,,Georgia Tech,21,,
569,9,Oct 31 2015,12:30 PM,Sat,Virginia Tech,26,@,Boston College,10,,
570,9,Oct 31 2015,11:00 PM,Sat,Washington,49,,Arizona,3,,
571,9,Oct 31 2015,12:00 PM,Sat,Western Kentucky,55,@,Old Dominion,30,,
572,9,Oct 31 2015,12:00 PM,Sat,Wisconsin,48,,Rutgers,10,,
573,10,Nov 3 2015,8:00 PM,Tue,Northern Illinois,32,@,(20) Toledo,27,ESPN2,
574,10,Nov 4 2015,8:00 PM,Wed,Bowling Green State,62,,Ohio,24,ESPN2,
575,10,Nov 5 2015,7:30 PM,Thu,Arkansas State,40,@,Appalachian State,27,ESPNU,
576,10,Nov 5 2015,7:30 PM,Thu,(2) Baylor,31,@,Kansas State,24,FOXS1,
577,10,Nov 5 2015,7:00 PM,Thu,Buffalo,18,@,Kent State,17,,
578,10,Nov 5 2015,9:00 PM,Thu,(24) Mississippi State,31,@,Missouri,13,ESPN,
579,10,Nov 5 2015,10:30 PM,Thu,Nevada,30,@,Fresno State,16,ESPN2,
580,10,Nov 5 2015,7:30 PM,Thu,Western Michigan,54,,Ball State,7,,
581,10,Nov 6 2015,11:30 PM,Fri,Brigham Young,17,@,San Jose State,16,CBSSN,
582,10,Nov 6 2015,8:00 PM,Fri,(23) Temple,60,@,Southern Methodist,40,ESPN2,
583,10,Nov 6 2015,8:00 PM,Fri,Texas-El Paso,24,,Rice,21,CBSSN,
584,10,Nov 7 2015,3:30 PM,Sat,Air Force,20,,Army,3,,
585,10,Nov 7 2015,12:00 PM,Sat,Akron,17,@,Massachusetts,13,,
586,10,Nov 7 2015,8:00 PM,Sat,(7) Alabama,30,,(4) Louisiana State,16,,
587,10,Nov 7 2015,3:30 PM,Sat,Arkansas,53,@,(19) Mississippi,52,,
588,10,Nov 7 2015,7:30 PM,Sat,Auburn,26,@,(25) Texas A&M,10,,
589,10,Nov 7 2015,3:30 PM,Sat,(3) Clemson,23,,(17) Florida State,13,,
590,10,Nov 7 2015,3:00 PM,Sat,Colorado State,26,@,Wyoming,7,,
591,10,Nov 7 2015,4:00 PM,Sat,Connecticut,7,@,Tulane,3,,
592,10,Nov 7 2015,12:00 PM,Sat,(11) Florida,9,,Vanderbilt,7,,
593,10,Nov 7 2015,12:00 PM,Sat,Florida International,48,,Charlotte,31,,
594,10,Nov 7 2015,12:00 PM,Sat,Georgia,27,,Kentucky,3,,
595,10,Nov 7 2015,3:30 PM,Sat,(18) Houston,33,,Cincinnati,30,,
596,10,Nov 7 2015,12:00 PM,Sat,Illinois,48,@,Purdue,14,,
597,10,Nov 7 2015,3:30 PM,Sat,(10) Iowa,35,@,Indiana,27,,
598,10,Nov 7 2015,3:30 PM,Sat,Louisiana Tech,56,,North Texas,13,,
599,10,Nov 7 2015,2:00 PM,Sat,Louisiana-Lafayette,23,@,Georgia State,21,,
600,10,Nov 7 2015,12:30 PM,Sat,Louisville,41,,Syracuse,17,,
601,10,Nov 7 2015,3:00 PM,Sat,Miami (FL),27,,Virginia,21,,
602,10,Nov 7 2015,2:30 PM,Sat,Miami (OH),28,,Eastern Michigan,13,,
603,10,Nov 7 2015,3:30 PM,Sat,(16) Michigan,49,,Rutgers,16,,
604,10,Nov 7 2015,3:30 PM,Sat,Middle Tennessee State,27,,Marshall,24,,
605,10,Nov 7 2015,7:00 PM,Sat,Navy,45,@,(15) Memphis,20,,
606,10,Nov 7 2015,7:00 PM,Sat,Nebraska,39,,(6) Michigan State,38,,
607,10,Nov 7 2015,6:00 PM,Sat,Nevada-Las Vegas,41,,Hawaii,21,,
608,10,Nov 7 2015,3:30 PM,Sat,New Mexico,14,,Utah State,13,CBSSN,
609,10,Nov 7 2015,4:00 PM,Sat,New Mexico State,31,@,Texas State,21,,
610,10,Nov 7 2015,12:00 PM,Sat,(21) North Carolina,66,,Duke,31,,
611,10,Nov 7 2015,12:30 PM,Sat,North Carolina State,24,@,Boston College,8,,
612,10,Nov 7 2015,12:00 PM,Sat,Northwestern,23,,Penn State,21,,
613,10,Nov 7 2015,12:00 PM,Sat,(8) Notre Dame,42,@,Pittsburgh,30,,
614,10,Nov 7 2015,8:00 PM,Sat,(1) Ohio State,28,,Minnesota,14,,
615,10,Nov 7 2015,7:00 PM,Sat,(14) Oklahoma,52,,Iowa State,16,,
616,10,Nov 7 2015,3:30 PM,Sat,(12) Oklahoma State,49,,(5) Texas Christian,29,,
617,10,Nov 7 2015,7:00 PM,Sat,Old Dominion,36,@,Texas-San Antonio,31,,
618,10,Nov 7 2015,10:30 PM,Sat,Oregon,44,,California,28,,
619,10,Nov 7 2015,3:00 PM,Sat,South Alabama,52,,Idaho,45,,
620,10,Nov 7 2015,7:30 PM,Sat,South Florida,22,@,East Carolina,17,,
621,10,Nov 7 2015,10:30 PM,Sat,Southern California,38,,Arizona,30,,
622,10,Nov 7 2015,1:00 PM,Sat,(9) Stanford,42,@,Colorado,10,,
623,10,Nov 7 2015,4:00 PM,Sat,Tennessee,27,,South Carolina,24,,
624,10,Nov 7 2015,8:00 PM,Sat,Texas,59,,Kansas,20,,
625,10,Nov 7 2015,3:30 PM,Sat,Troy,51,,Louisiana-Monroe,14,,
626,10,Nov 7 2015,12:00 PM,Sat,Tulsa,45,,Central Florida,30,,
627,10,Nov 7 2015,4:30 PM,Sat,(22) UCLA,41,@,Oregon State,0,,
628,10,Nov 7 2015,7:30 PM,Sat,(13) Utah,34,@,Washington,23,,
629,10,Nov 7 2015,3:30 PM,Sat,Washington State,38,,Arizona State,24,,
630,10,Nov 7 2015,12:00 PM,Sat,West Virginia,31,,Texas Tech,26,,
631,10,Nov 7 2015,12:00 PM,Sat,Western Kentucky,35,,Florida Atlantic,19,,
632,10,Nov 7 2015,3:30 PM,Sat,Wisconsin,31,@,Maryland,24,,
633,11,Nov 10 2015,8:00 PM,Tue,Ohio,27,,Kent State,0,ESPN2,
634,11,Nov 10 2015,8:00 PM,Tue,Toledo,28,@,Central Michigan,23,ESPN2,
635,11,Nov 11 2015,8:00 PM,Wed,Bowling Green State,41,@,Western Michigan,27,ESPN2,
636,11,Nov 11 2015,8:00 PM,Wed,Northern Illinois,41,@,Buffalo,30,ESPN2,
637,11,Nov 12 2015,7:30 PM,Thu,South Alabama,32,,Louisiana-Lafayette,25,ESPNU,
638,11,Nov 12 2015,7:30 PM,Thu,Virginia Tech,23,@,Georgia Tech,21,ESPN,
639,11,Nov 13 2015,9:00 PM,Fri,Southern California,27,@,Colorado,24,ESPN2,
640,11,Nov 14 2015,2:00 PM,Sat,Air Force,35,,Utah State,28,,
641,11,Nov 14 2015,12:00 PM,Sat,Akron,37,@,Miami (OH),28,,
642,11,Nov 14 2015,3:30 PM,Sat,(3) Alabama,31,@,(20) Mississippi State,6,,
643,11,Nov 14 2015,5:00 PM,Sat,Appalachian State,47,@,Idaho,20,,
644,11,Nov 14 2015,10:00 PM,Sat,Arizona,37,,(10) Utah,30,,
645,11,Nov 14 2015,3:00 PM,Sat,Arizona State,27,,Washington,17,,
646,11,Nov 14 2015,7:15 PM,Sat,Arkansas,31,@,(9) Louisiana State,14,,
647,11,Nov 14 2015,3:00 PM,Sat,Arkansas State,59,@,Louisiana-Monroe,21,,
648,11,Nov 14 2015,10:30 PM,Sat,California,54,,Oregon State,24,,
649,11,Nov 14 2015,7:30 PM,Sat,Cincinnati,49,,Tulsa,38,,
650,11,Nov 14 2015,3:30 PM,Sat,(1) Clemson,37,@,Syracuse,27,,
651,11,Nov 14 2015,7:00 PM,Sat,Colorado State,49,,Nevada-Las Vegas,35,,
652,11,Nov 14 2015,12:00 PM,Sat,(11) Florida,24,@,South Carolina,14,,
653,11,Nov 14 2015,12:30 PM,Sat,(19) Florida State,34,,North Carolina State,17,,
654,11,Nov 14 2015,11:00 PM,Sat,Fresno State,42,@,Hawaii,14,,
655,11,Nov 14 2015,12:00 PM,Sat,Georgia,20,@,Auburn,13,,
656,11,Nov 14 2015,3:30 PM,Sat,Georgia Southern,45,@,Troy,10,,
657,11,Nov 14 2015,4:00 PM,Sat,Georgia State,41,@,Texas State,19,,
658,11,Nov 14 2015,7:00 PM,Sat,(16) Houston,35,,(25) Memphis,34,,
659,11,Nov 14 2015,8:00 PM,Sat,(8) Iowa,40,,Minnesota,35,BTN,
660,11,Nov 14 2015,12:30 PM,Sat,Louisville,38,,Virginia,31,,
661,11,Nov 14 2015,3:30 PM,Sat,Marshall,52,,Florida International,0,,
662,11,Nov 14 2015,3:00 PM,Sat,Massachusetts,28,@,Eastern Michigan,17,,
663,11,Nov 14 2015,3:30 PM,Sat,(15) Michigan,48,@,Indiana,41,,
664,11,Nov 14 2015,12:00 PM,Sat,(14) Michigan State,24,,Maryland,7,,
665,11,Nov 14 2015,12:00 PM,Sat,Middle Tennessee State,24,@,Florida Atlantic,17,,
666,11,Nov 14 2015,7:30 PM,Sat,Missouri,20,,Brigham Young,16,,
667,11,Nov 14 2015,3:30 PM,Sat,(22) Navy,55,,Southern Methodist,14,CBSSN,
668,11,Nov 14 2015,3:30 PM,Sat,Nebraska,31,@,Rutgers,14,,
669,11,Nov 14 2015,4:00 PM,Sat,Nevada,37,,San Jose State,34,,
670,11,Nov 14 2015,10:15 PM,Sat,New Mexico,31,@,Boise State,24,,
671,11,Nov 14 2015,3:30 PM,Sat,(17) North Carolina,59,,Miami (FL),21,,
672,11,Nov 14 2015,12:00 PM,Sat,(24) Northwestern,21,,Purdue,14,,
673,11,Nov 14 2015,3:30 PM,Sat,(6) Notre Dame,28,,Wake Forest,7,NBC,
674,11,Nov 14 2015,12:00 PM,Sat,(2) Ohio State,28,@,Illinois,3,,
675,11,Nov 14 2015,8:00 PM,Sat,(12) Oklahoma,44,@,(4) Baylor,34,,
676,11,Nov 14 2015,3:30 PM,Sat,(5) Oklahoma State,35,@,Iowa State,31,,
677,11,Nov 14 2015,12:00 PM,Sat,Old Dominion,31,,Texas-El Paso,21,,
678,11,Nov 14 2015,7:30 PM,Sat,Oregon,38,@,(7) Stanford,36,,
679,11,Nov 14 2015,12:00 PM,Sat,Pittsburgh,31,@,Duke,13,,
680,11,Nov 14 2015,10:30 PM,Sat,San Diego State,38,,Wyoming,3,CBSSN,
681,11,Nov 14 2015,7:00 PM,Sat,South Florida,44,,(21) Temple,23,,
682,11,Nov 14 2015,3:30 PM,Sat,Southern Mississippi,65,@,Rice,10,,
683,11,Nov 14 2015,12:00 PM,Sat,Tennessee,24,,North Texas,0,,
684,11,Nov 14 2015,7:00 PM,Sat,Texas A&M,41,,Western Carolina,17,,
685,11,Nov 14 2015,12:00 PM,Sat,(13) Texas Christian,23,,Kansas,17,,
686,11,Nov 14 2015,3:30 PM,Sat,Texas Tech,59,,Kansas State,44,,
687,11,Nov 14 2015,2:00 PM,Sat,Texas-San Antonio,30,@,Charlotte,27,,
688,11,Nov 14 2015,12:00 PM,Sat,Tulane,34,@,Army,31,CBSSN,
689,11,Nov 14 2015,4:00 PM,Sat,Vanderbilt,21,,Kentucky,17,,
690,11,Nov 14 2015,10:45 PM,Sat,Washington State,31,@,(18) UCLA,27,,
691,11,Nov 14 2015,12:00 PM,Sat,West Virginia,38,,Texas,20,,
692,12,Nov 17 2015,7:00 PM,Tue,Ohio,48,,Ball State,31,,
693,12,Nov 17 2015,6:00 PM,Tue,Toledo,44,@,Bowling Green State,28,,
694,12,Nov 18 2015,8:00 PM,Wed,Central Michigan,27,@,Kent State,14,ESPN2,
695,12,Nov 18 2015,8:00 PM,Wed,Northern Illinois,27,,Western Michigan,19,ESPN2,
696,12,Nov 19 2015,7:30 PM,Thu,East Carolina,44,@,Central Florida,7,ESPN,
697,12,Nov 19 2015,9:30 PM,Thu,Texas State,16,,Louisiana-Monroe,3,ESPNU,
698,12,Nov 20 2015,9:30 PM,Fri,Air Force,37,@,Boise State,30,ESPN2,
699,12,Nov 20 2015,8:00 PM,Fri,South Florida,65,,Cincinnati,27,,
700,12,Nov 21 2015,3:30 PM,Sat,Akron,42,,Buffalo,21,,
701,12,Nov 21 2015,4:00 PM,Sat,(3) Alabama,56,,Charleston Southern,6,,
702,12,Nov 21 2015,3:30 PM,Sat,Arizona State,52,,Arizona,37,,
703,12,Nov 21 2015,4:00 PM,Sat,Auburn,56,,Idaho,34,,
704,12,Nov 21 2015,7:30 PM,Sat,(10) Baylor,45,@,(4) Oklahoma State,35,,
705,12,Nov 21 2015,3:00 PM,Sat,Brigham Young,52,,Fresno State,10,,
706,12,Nov 21 2015,12:00 PM,Sat,Citadel,23,@,South Carolina,22,,
707,12,Nov 21 2015,3:30 PM,Sat,(1) Clemson,33,,Wake Forest,13,,
708,12,Nov 21 2015,5:30 PM,Sat,Colorado State,28,@,New Mexico,21,,
709,12,Nov 21 2015,3:30 PM,Sat,Connecticut,20,,(13) Houston,17,,
710,12,Nov 21 2015,12:00 PM,Sat,(8) Florida,20,,Florida Atlantic,14,,
711,12,Nov 21 2015,3:00 PM,Sat,(16) Florida State,52,,Chattanooga,13,,
712,12,Nov 21 2015,7:00 PM,Sat,Georgia,23,,Georgia Southern,17,,
713,12,Nov 21 2015,2:00 PM,Sat,Georgia State,24,,South Alabama,10,,
714,12,Nov 21 2015,12:00 PM,Sat,Indiana,47,@,Maryland,28,,
715,12,Nov 21 2015,12:00 PM,Sat,(6) Iowa,40,,Purdue,20,,
716,12,Nov 21 2015,12:00 PM,Sat,Kansas State,38,,Iowa State,35,,
717,12,Nov 21 2015,7:30 PM,Sat,Kentucky,58,,Charlotte,10,,
718,12,Nov 21 2015,3:30 PM,Sat,Louisiana Tech,17,@,Texas-El Paso,15,,
719,12,Nov 21 2015,12:30 PM,Sat,Miami (FL),38,,Georgia Tech,21,,
720,12,Nov 21 2015,1:00 PM,Sat,Miami (OH),20,@,Massachusetts,13,,
721,12,Nov 21 2015,12:00 PM,Sat,(14) Michigan,28,@,Penn State,16,,
722,12,Nov 21 2015,3:30 PM,Sat,(9) Michigan State,17,@,(2) Ohio State,14,,
723,12,Nov 21 2015,12:00 PM,Sat,Middle Tennessee State,41,,North Texas,7,,
724,12,Nov 21 2015,12:00 PM,Sat,Minnesota,32,,Illinois,23,,
725,12,Nov 21 2015,3:30 PM,Sat,(25) Mississippi,38,,(17) Louisiana State,17,,
726,12,Nov 21 2015,7:00 PM,Sat,Mississippi State,51,@,Arkansas,50,,
727,12,Nov 21 2015,7:00 PM,Sat,(19) Navy,44,@,Tulsa,21,,
728,12,Nov 21 2015,5:00 PM,Sat,New Mexico State,37,@,Louisiana-Lafayette,34,,
729,12,Nov 21 2015,12:00 PM,Sat,(12) North Carolina,30,@,Virginia Tech,27,,
730,12,Nov 21 2015,12:30 PM,Sat,North Carolina State,42,,Syracuse,29,,
731,12,Nov 21 2015,3:30 PM,Sat,(20) Northwestern,13,@,(21) Wisconsin,7,,
732,12,Nov 21 2015,7:30 PM,Sat,(5) Notre Dame,19,,Boston College,16,NBC,
733,12,Nov 21 2015,8:00 PM,Sat,(7) Oklahoma,30,,(11) Texas Christian,29,,
734,12,Nov 21 2015,3:30 PM,Sat,(23) Oregon,48,,(22) Southern California,28,,
735,12,Nov 21 2015,3:45 PM,Sat,Pittsburgh,45,,Louisville,34,,
736,12,Nov 21 2015,12:00 PM,Sat,Rutgers,31,@,Army,21,CBSSN,
737,12,Nov 21 2015,10:30 PM,Sat,San Diego State,52,@,Nevada-Las Vegas,14,CBSSN,
738,12,Nov 21 2015,11:00 PM,Sat,San Jose State,42,@,Hawaii,23,,
739,12,Nov 21 2015,8:00 PM,Sat,Southern Methodist,49,,Tulane,21,,
740,12,Nov 21 2015,3:30 PM,Sat,Southern Mississippi,56,,Old Dominion,31,,
741,12,Nov 21 2015,10:30 PM,Sat,(15) Stanford,35,,California,22,,
742,12,Nov 21 2015,12:00 PM,Sat,Temple,31,,Memphis,12,,
743,12,Nov 21 2015,7:15 PM,Sat,Tennessee,19,@,Missouri,8,,
744,12,Nov 21 2015,7:30 PM,Sat,Texas A&M,25,@,Vanderbilt,0,,
745,12,Nov 21 2015,7:00 PM,Sat,Texas-San Antonio,34,,Rice,24,,
746,12,Nov 21 2015,3:30 PM,Sat,UCLA,17,@,(18) Utah,9,,
747,12,Nov 21 2015,3:30 PM,Sat,Utah State,31,,Nevada,27,,
748,12,Nov 21 2015,3:30 PM,Sat,Virginia,42,,Duke,34,,
749,12,Nov 21 2015,6:00 PM,Sat,Washington,52,@,Oregon State,7,,
750,12,Nov 21 2015,10:45 PM,Sat,(24) Washington State,27,,Colorado,3,,
751,12,Nov 21 2015,12:00 PM,Sat,West Virginia,49,@,Kansas,0,,
752,12,Nov 21 2015,2:30 PM,Sat,Western Kentucky,63,@,Florida International,7,,
753,13,Nov 24 2015,7:00 PM,Tue,Bowling Green State,48,@,Ball State,10,ESPNU,
754,13,Nov 24 2015,7:30 PM,Tue,Ohio,26,@,Northern Illinois,21,ESPNU,
755,13,Nov 26 2015,7:30 PM,Thu,Texas Tech,48,@,Texas,45,FOXS1,
756,13,Nov 27 2015,12:00 PM,Fri,Akron,20,,Kent State,0,,
757,13,Nov 27 2015,2:30 PM,Fri,Arkansas,28,,Missouri,3,CBS,
758,13,Nov 27 2015,3:30 PM,Fri,Boise State,40,@,San Jose State,23,CBSSN,
759,13,Nov 27 2015,1:00 PM,Fri,Central Michigan,35,,Eastern Michigan,28,,
760,13,Nov 27 2015,2:00 PM,Fri,Georgia State,31,,Troy,21,,
761,13,Nov 27 2015,12:00 PM,Fri,(21) Houston,52,,(16) Navy,31,,
762,13,Nov 27 2015,3:30 PM,Fri,(3) Iowa,28,@,Nebraska,20,,
763,13,Nov 27 2015,4:30 PM,Fri,Massachusetts,31,@,Buffalo,26,,
764,13,Nov 27 2015,12:00 PM,Fri,Miami (FL),29,@,Pittsburgh,24,,
765,13,Nov 27 2015,4:00 PM,Fri,(18) Oregon,52,,Oregon State,42,,
766,13,Nov 27 2015,,Fri,South Florida,44,@,Central Florida,3,,
767,13,Nov 27 2015,7:30 PM,Fri,(15) Texas Christian,28,,(7) Baylor,21,ESPN,
768,13,Nov 27 2015,8:00 PM,Fri,Tulsa,45,@,Tulane,34,,
769,13,Nov 27 2015,3:30 PM,Fri,Washington,45,,(20) Washington State,10,,
770,13,Nov 27 2015,12:00 PM,Fri,Western Kentucky,49,,Marshall,28,FOXS1,
771,13,Nov 27 2015,12:00 PM,Fri,Western Michigan,35,@,(24) Toledo,30,,
772,13,Nov 28 2015,3:30 PM,Sat,(2) Alabama,29,@,Auburn,13,,
773,13,Nov 28 2015,2:00 PM,Sat,Appalachian State,28,,Louisiana-Lafayette,7,,
774,13,Nov 28 2015,4:00 PM,Sat,Arkansas State,52,@,New Mexico State,28,,
775,13,Nov 28 2015,3:30 PM,Sat,Brigham Young,51,@,Utah State,28,CBSSN,
776,13,Nov 28 2015,10:00 PM,Sat,California,48,,Arizona State,46,,
777,13,Nov 28 2015,12:00 PM,Sat,Cincinnati,19,@,East Carolina,16,,
778,13,Nov 28 2015,12:00 PM,Sat,(1) Clemson,37,@,South Carolina,32,,
779,13,Nov 28 2015,9:00 PM,Sat,Colorado State,34,@,Fresno State,31,CBSSN,
780,13,Nov 28 2015,12:30 PM,Sat,Duke,27,@,Wake Forest,21,,
781,13,Nov 28 2015,12:00 PM,Sat,Florida Atlantic,33,@,Old Dominion,31,,
782,13,Nov 28 2015,7:30 PM,Sat,(14) Florida State,27,@,(10) Florida,2,,
783,13,Nov 28 2015,12:00 PM,Sat,Georgia,13,@,Georgia Tech,7,,
784,13,Nov 28 2015,2:00 PM,Sat,Georgia Southern,55,,South Alabama,17,,
785,13,Nov 28 2015,11:00 PM,Sat,Hawaii,28,,Louisiana-Monroe,26,,
786,13,Nov 28 2015,5:00 PM,Sat,Idaho,38,,Texas State,31,,
787,13,Nov 28 2015,12:00 PM,Sat,Indiana,54,@,Purdue,36,,
788,13,Nov 28 2015,4:00 PM,Sat,Kansas State,45,@,Kansas,14,,
789,13,Nov 28 2015,7:30 PM,Sat,Louisiana State,19,,Texas A&M,7,,
790,13,Nov 28 2015,12:00 PM,Sat,Louisville,38,@,Kentucky,24,,
791,13,Nov 28 2015,12:00 PM,Sat,Maryland,46,@,Rutgers,41,,
792,13,Nov 28 2015,12:00 PM,Sat,Memphis,63,,Southern Methodist,0,,
793,13,Nov 28 2015,3:30 PM,Sat,(6) Michigan State,55,,Penn State,16,,
794,13,Nov 28 2015,2:30 PM,Sat,Middle Tennessee State,42,@,Texas-San Antonio,7,,
795,13,Nov 28 2015,7:15 PM,Sat,(19) Mississippi,38,@,(23) Mississippi State,27,,
796,13,Nov 28 2015,10:15 PM,Sat,New Mexico,47,,Air Force,35,,
797,13,Nov 28 2015,3:30 PM,Sat,(11) North Carolina,45,@,North Carolina State,34,,
798,13,Nov 28 2015,3:30 PM,Sat,(17) Northwestern,24,,Illinois,14,,
799,13,Nov 28 2015,12:00 PM,Sat,(8) Ohio State,42,@,(12) Michigan,13,,
800,13,Nov 28 2015,8:00 PM,Sat,(5) Oklahoma,58,@,(9) Oklahoma State,23,,
801,13,Nov 28 2015,3:30 PM,Sat,Rice,27,,Charlotte,7,,
802,13,Nov 28 2015,10:45 PM,Sat,San Diego State,31,,Nevada,14,,
803,13,Nov 28 2015,3:30 PM,Sat,Southern California,40,,(22) UCLA,21,,
804,13,Nov 28 2015,12:00 PM,Sat,Southern Mississippi,58,@,Louisiana Tech,24,,
805,13,Nov 28 2015,7:30 PM,Sat,(13) Stanford,38,,(4) Notre Dame,36,,
806,13,Nov 28 2015,12:30 PM,Sat,Syracuse,20,,Boston College,17,,
807,13,Nov 28 2015,7:00 PM,Sat,(25) Temple,27,,Connecticut,3,,
808,13,Nov 28 2015,4:00 PM,Sat,Tennessee,53,,Vanderbilt,28,,
809,13,Nov 28 2015,3:30 PM,Sat,Texas-El Paso,20,@,North Texas,17,,
810,13,Nov 28 2015,2:30 PM,Sat,Utah,20,,Colorado,14,,
811,13,Nov 28 2015,12:00 PM,Sat,Virginia Tech,23,@,Virginia,20,,
812,13,Nov 28 2015,12:00 PM,Sat,West Virginia,30,,Iowa State,6,,
813,13,Nov 28 2015,3:30 PM,Sat,Wisconsin,31,@,Minnesota,21,,
814,13,Nov 28 2015,2:00 PM,Sat,Wyoming,35,,Nevada-Las Vegas,28,,
815,14,Dec 4 2015,8:00 PM,Fri,Bowling Green State,34,,Northern Illinois,14,,
816,14,Dec 5 2015,4:00 PM,Sat,(2) Alabama,29,,(18) Florida,15,,
817,14,Dec 5 2015,7:30 PM,Sat,Appalachian State,34,@,South Alabama,27,,
818,14,Dec 5 2015,3:00 PM,Sat,Arkansas State,55,,Texas State,17,,
819,14,Dec 5 2015,8:00 PM,Sat,(1) Clemson,45,,(8) North Carolina,37,,
820,14,Dec 5 2015,2:00 PM,Sat,Georgia State,34,@,Georgia Southern,7,,
821,14,Dec 5 2015,12:00 PM,Sat,(17) Houston,24,,(20) Temple,13,,
822,14,Dec 5 2015,4:30 PM,Sat,Kansas State,24,,West Virginia,23,,
823,14,Dec 5 2015,3:00 PM,Sat,Louisiana-Monroe,42,,New Mexico State,35,,
824,14,Dec 5 2015,8:00 PM,Sat,(5) Michigan State,16,,(4) Iowa,13,,
825,14,Dec 5 2015,7:30 PM,Sat,San Diego State,27,,Air Force,24,,
826,14,Dec 5 2015,7:45 PM,Sat,(7) Stanford,41,,(24) Southern California,22,,
827,14,Dec 5 2015,12:00 PM,Sat,Texas,23,@,(12) Baylor,17,,
828,14,Dec 5 2015,5:00 PM,Sat,Troy,41,@,Louisiana-Lafayette,17,,
829,14,Dec 5 2015,12:00 PM,Sat,Western Kentucky,45,,Southern Mississippi,28,,
830,15,Dec 12 2015,3:00 PM,Sat,(21) Navy,21,,Army,17,,
